{"cameraMode":{"drawMode":0,"name":"Shaded","section":"Shading Mode"},"sceneLighting":true,"audioPlay":false,"sceneViewState":{"showFog":true,"showMaterialUpdate":false,"showSkybox":true,"showFlares":true,"showImageEffects":true,"showParticleSystems":true,"showVisualEffectGraphs":true,"m_FxEnabled":true},"in2DMode":false,"pivot":{"x":26.946821212768556,"y":-21.703386306762697,"z":47.286033630371097},"rotation":{"x":-0.20080094039440156,"y":-0.28923454880714419,"z":0.06227615103125572,"w":-0.9339172840118408},"size":61.67202377319336,"orthographic":false}